{"cameraMode":{"drawMode":0,"name":"Shaded","section":"Shading Mode"},"sceneLighting":false,"audioPlay":false,"sceneViewState":{"m_AlwaysRefresh":false,"showFog":true,"showSkybox":false,"showFlares":true,"showImageEffects":true,"showParticleSystems":true,"showVisualEffectGraphs":true,"m_FxEnabled":true},"in2DMode":false,"pivot":{"x":0.1279735118150711,"y":0.1377696990966797,"z":-0.7100729942321777},"rotation":{"x":0.22286923229694367,"y":0.12969082593917848,"z":-0.029930060729384424,"w":0.9657192230224609},"size":1.6309847831726075,"orthographic":false}