{"cameraMode":{"drawMode":0,"name":"Shaded","section":"Shading Mode"},"sceneLighting":false,"audioPlay":false,"sceneViewState":{"m_AlwaysRefresh":false,"showFog":true,"showSkybox":false,"showFlares":true,"showImageEffects":true,"showParticleSystems":true,"showVisualEffectGraphs":true,"m_FxEnabled":true},"in2DMode":false,"pivot":{"x":-6.029995441436768,"y":-2.8499999046325685,"z":13.829998970031739},"rotation":{"x":0.15219180285930634,"y":0.24623873829841615,"z":-0.039184585213661197,"w":0.956382691860199},"size":1.4142286777496338,"orthographic":false}