{"cameraMode":{"drawMode":0,"name":"Shaded","section":"Shading Mode"},"sceneLighting":false,"audioPlay":false,"sceneViewState":{"m_AlwaysRefresh":false,"showFog":true,"showSkybox":false,"showFlares":true,"showImageEffects":true,"showParticleSystems":true,"showVisualEffectGraphs":true,"m_FxEnabled":true},"in2DMode":false,"pivot":{"x":1.8019999265670777,"y":3.8681392669677736,"z":-0.020994797348976136},"rotation":{"x":-0.054737720638513568,"y":0.9451746344566345,"z":-0.23461735248565675,"w":-0.22050762176513673},"size":0.378988116979599,"orthographic":false}