{"cameraMode":{"drawMode":0,"name":"Shaded","section":"Shading Mode"},"sceneLighting":false,"audioPlay":false,"sceneViewState":{"m_AlwaysRefresh":false,"showFog":true,"showSkybox":false,"showFlares":true,"showImageEffects":true,"showParticleSystems":true,"showVisualEffectGraphs":true,"m_FxEnabled":true},"in2DMode":false,"pivot":{"x":-2.1599998474121095,"y":1.2599999904632569,"z":37.97999954223633},"rotation":{"x":-0.05217701196670532,"y":-0.4120138883590698,"z":0.023629676550626756,"w":-0.9093844890594482},"size":1.4142135381698609,"orthographic":false}