{"cameraMode":{"drawMode":0,"name":"Shaded","section":"Shading Mode"},"sceneLighting":false,"audioPlay":false,"sceneViewState":{"m_AlwaysRefresh":false,"showFog":true,"showSkybox":false,"showFlares":true,"showImageEffects":true,"showParticleSystems":true,"showVisualEffectGraphs":true,"m_FxEnabled":true},"in2DMode":false,"pivot":{"x":-17.020000457763673,"y":-5.749536514282227,"z":11.34667682647705},"rotation":{"x":0.3900781571865082,"y":0.019330427050590516,"z":-0.008191177621483803,"w":0.9205429553985596},"size":1.7522764205932618,"orthographic":false}