{"cameraMode":{"drawMode":0,"name":"Shaded","section":"Shading Mode"},"sceneLighting":false,"audioPlay":false,"sceneViewState":{"m_AlwaysRefresh":false,"showFog":true,"showSkybox":false,"showFlares":true,"showImageEffects":true,"showParticleSystems":true,"showVisualEffectGraphs":true,"m_FxEnabled":true},"in2DMode":false,"pivot":{"x":0.35944926738739016,"y":0.2057197391986847,"z":0.24193623661994935},"rotation":{"x":0.3900781571865082,"y":0.019330427050590516,"z":-0.008191177621483803,"w":0.9205429553985596},"size":0.7752574682235718,"orthographic":false}