{"cameraMode":{"drawMode":0,"name":"Shaded","section":"Shading Mode"},"sceneLighting":false,"audioPlay":false,"sceneViewState":{"m_AlwaysRefresh":false,"showFog":true,"showSkybox":false,"showFlares":true,"showImageEffects":true,"showParticleSystems":true,"showVisualEffectGraphs":true,"m_FxEnabled":true},"in2DMode":false,"pivot":{"x":15.989999771118164,"y":1.0525325536727906,"z":2.077603816986084},"rotation":{"x":0.15219180285930634,"y":0.24623873829841615,"z":-0.039184585213661197,"w":0.956382691860199},"size":2.805224657058716,"orthographic":false}