{"cameraMode":{"drawMode":0,"name":"Shaded","section":"Shading Mode"},"sceneLighting":false,"audioPlay":false,"sceneViewState":{"m_AlwaysRefresh":false,"showFog":true,"showSkybox":false,"showFlares":true,"showImageEffects":true,"showParticleSystems":true,"showVisualEffectGraphs":true,"m_FxEnabled":true},"in2DMode":false,"pivot":{"x":-30.201828002929689,"y":5.056666374206543,"z":30.926347732543947},"rotation":{"x":-0.014410232193768025,"y":-0.9847483038902283,"z":0.14159446954727174,"w":-0.10019006580114365},"size":2.6184678077697756,"orthographic":false}