{"cameraMode":{"drawMode":0,"name":"Shaded","section":"Shading Mode"},"sceneLighting":false,"audioPlay":false,"sceneViewState":{"m_AlwaysRefresh":false,"showFog":true,"showSkybox":false,"showFlares":true,"showImageEffects":true,"showParticleSystems":true,"showVisualEffectGraphs":true,"m_FxEnabled":true},"in2DMode":false,"pivot":{"x":15.170000076293946,"y":9.046037673950196,"z":25.805498123168947},"rotation":{"x":-0.054737720638513568,"y":0.9451746344566345,"z":-0.23461735248565675,"w":-0.22050762176513673},"size":1.2179991006851197,"orthographic":false}