{"cameraMode":{"drawMode":0,"name":"Shaded","section":"Shading Mode"},"sceneLighting":false,"audioPlay":false,"sceneViewState":{"m_AlwaysRefresh":false,"showFog":true,"showSkybox":false,"showFlares":true,"showImageEffects":true,"showParticleSystems":true,"showVisualEffectGraphs":true,"m_FxEnabled":true},"in2DMode":false,"pivot":{"x":-26.168193817138673,"y":-1.3044016361236573,"z":12.119300842285157},"rotation":{"x":-0.1636488437652588,"y":0.8322254419326782,"z":-0.32644352316856387,"w":-0.41720807552337649},"size":1.3390264511108399,"orthographic":false}