{"cameraMode":{"drawMode":0,"name":"Shaded","section":"Shading Mode"},"sceneLighting":false,"audioPlay":false,"sceneViewState":{"m_AlwaysRefresh":false,"showFog":true,"showSkybox":false,"showFlares":true,"showImageEffects":true,"showParticleSystems":true,"showVisualEffectGraphs":true,"m_FxEnabled":true},"in2DMode":false,"pivot":{"x":-0.6886212825775147,"y":19.489734649658204,"z":43.64459228515625},"rotation":{"x":0.3900781571865082,"y":0.019330427050590516,"z":-0.008191177621483803,"w":0.9205429553985596},"size":2.1361238956451418,"orthographic":false}