{"cameraMode":{"drawMode":0,"name":"Shaded","section":"Shading Mode"},"sceneLighting":false,"audioPlay":false,"sceneViewState":{"m_AlwaysRefresh":false,"showFog":true,"showSkybox":false,"showFlares":true,"showImageEffects":true,"showParticleSystems":true,"showVisualEffectGraphs":true,"m_FxEnabled":true},"in2DMode":false,"pivot":{"x":14.369999885559082,"y":16.327499389648439,"z":-26.280000686645509},"rotation":{"x":-0.15415656566619874,"y":-0.02164030261337757,"z":0.0033714191522449257,"w":-0.9878168702125549},"size":2.1021881103515627,"orthographic":false}