{"cameraMode":{"drawMode":0,"name":"Shaded","section":"Shading Mode"},"sceneLighting":false,"audioPlay":false,"sceneViewState":{"m_AlwaysRefresh":false,"showFog":true,"showSkybox":false,"showFlares":true,"showImageEffects":true,"showParticleSystems":true,"showVisualEffectGraphs":true,"m_FxEnabled":true},"in2DMode":false,"pivot":{"x":-22.030960083007814,"y":-1.5816693305969239,"z":11.798272132873536},"rotation":{"x":0.3900781571865082,"y":0.019330427050590516,"z":-0.008191177621483803,"w":0.9205429553985596},"size":1.5015769004821778,"orthographic":false}